Country,Life expectancy,Adult Mortality,Immunization Coverage,Bubble Size
Afghanistan,65.0,263.0,45.333333333333336,37.83783783783784
Albania,77.8,74.0,99.0,72.43243243243242
Algeria,75.6,19.0,95.0,66.48648648648647
Angola,52.4,335.0,45.0,3.7837837837837798
Antigua and Barbuda,76.4,13.0,94.66666666666667,68.64864864864867
Argentina,76.3,116.0,93.66666666666667,68.37837837837837
Armenia,74.8,118.0,94.66666666666667,64.32432432432431
Australia,82.8,59.0,93.0,85.94594594594594
Austria,81.5,65.0,93.0,82.43243243243244
Azerbaijan,72.7,118.0,96.66666666666667,58.64864864864866
Bahamas,76.1,147.0,95.0,67.83783783783782
Bahrain,76.9,69.0,98.0,70.00000000000001
Bangladesh,71.8,129.0,97.0,56.21621621621621
Barbados,75.5,98.0,97.0,66.21621621621621
Belarus,72.3,196.0,99.0,57.56756756756756
Belgium,81.1,74.0,98.66666666666667,81.35135135135133
Belize,71.0,175.0,94.0,54.054054054054056
Benin,60.0,249.0,80.66666666666667,24.324324324324326
Bhutan,69.8,211.0,98.66666666666667,50.8108108108108
Bolivia (Plurinational State of),77.0,186.0,99.0,70.27027027027027
Bosnia and Herzegovina,77.4,88.0,79.33333333333333,71.35135135135137
Botswana,65.7,256.0,95.33333333333333,39.72972972972973
Brazil,75.0,142.0,96.66666666666667,64.86486486486487
Brunei Darussalam,77.7,78.0,99.0,72.16216216216218
Bulgaria,74.5,137.0,91.33333333333333,63.51351351351351
Burkina Faso,59.9,26.0,91.0,24.05405405405405
Burundi,59.6,288.0,94.0,23.243243243243246
Cabo Verde,73.3,114.0,94.0,60.27027027027027
Cambodia,68.7,174.0,88.33333333333333,47.837837837837846
Cameroon,57.3,357.0,83.66666666666667,17.02702702702702
Canada,82.2,64.0,79.0,84.32432432432432
Central African Republic,52.5,397.0,47.0,4.054054054054054
Chad,53.1,356.0,48.0,5.67567567567568
Chile,85.0,82.0,96.33333333333333,91.8918918918919
China,76.1,85.0,99.0,67.83783783783782
Colombia,74.8,143.0,91.0,64.32432432432431
Comoros,63.5,227.0,91.33333333333333,33.78378378378378
Congo,64.7,267.0,8.0,37.02702702702704
Costa Rica,79.6,95.0,92.0,77.29729729729729
Croatia,78.0,95.0,94.0,72.97297297297297
Cuba,79.1,92.0,99.0,75.94594594594592
Cyprus,85.0,52.0,97.0,91.8918918918919
Czechia,78.8,86.0,97.0,75.13513513513513
Côte d'Ivoire,53.3,397.0,82.33333333333333,6.216216216216209
Democratic People's Republic of Korea,76.0,139.0,97.0,67.56756756756756
Democratic Republic of the Congo,59.8,258.0,80.0,23.783783783783775
Denmark,86.0,71.0,93.0,94.5945945945946
Djibouti,63.5,241.0,84.0,33.78378378378378
Dominican Republic,73.9,152.0,84.33333333333333,61.8918918918919
Ecuador,76.2,118.0,80.0,68.10810810810811
Egypt,79.0,159.0,93.0,75.67567567567568
El Salvador,73.5,178.0,91.33333333333333,60.810810810810814
Equatorial Guinea,58.2,32.0,16.333333333333332,19.459459459459467
Eritrea,64.7,255.0,95.0,37.02702702702704
Estonia,77.6,119.0,92.33333333333333,71.89189189189187
Ethiopia,64.8,225.0,76.33333333333333,37.29729729729729
Fiji,69.9,188.0,99.0,51.081081081081095
Finland,81.1,76.0,97.0,81.35135135135133
France,82.4,78.0,94.0,84.86486486486487
Gabon,66.0,229.0,31.666666666666668,40.54054054054054
Gambia,61.1,262.0,96.66666666666667,27.297297297297302
Georgia,74.4,129.0,93.0,63.24324324324326
Germany,81.0,68.0,92.33333333333333,81.08108108108108
Ghana,62.4,249.0,88.0,30.810810810810807
Greece,81.0,72.0,98.0,81.08108108108108
Grenada,73.6,142.0,94.33333333333333,61.08108108108107
Guatemala,71.9,186.0,52.333333333333336,56.4864864864865
Guinea,59.0,284.0,50.0,21.62162162162162
Guinea-Bissau,58.9,275.0,87.0,21.351351351351347
Guyana,66.2,215.0,94.0,41.08108108108109
Haiti,63.5,24.0,22.666666666666668,33.78378378378378
Honduras,74.6,147.0,97.0,63.78378378378377
Hungary,75.8,134.0,99.0,67.02702702702702
Iceland,82.7,49.0,92.0,85.67567567567569
India,68.3,181.0,86.66666666666667,46.75675675675675
Indonesia,69.1,176.0,54.666666666666664,48.918918918918905
Iran (Islamic Republic of),75.5,83.0,98.0,66.21621621621621
Iraq,68.9,182.0,59.0,48.37837837837839
Ireland,81.4,64.0,95.0,82.16216216216218
Israel,82.5,58.0,95.33333333333333,85.13513513513513
Italy,82.7,56.0,93.0,85.67567567567569
Jamaica,76.2,125.0,91.0,68.10810810810811
Japan,83.7,55.0,97.5,88.37837837837839
Jordan,74.1,112.0,99.0,62.432432432432414
Kazakhstan,72.0,198.0,98.0,56.75675675675676
Kenya,63.4,249.0,87.0,33.51351351351351
Kiribati,66.3,198.0,56.0,41.35135135135135
Kuwait,74.7,81.0,99.0,64.05405405405406
Kyrgyzstan,71.1,166.0,97.0,54.324324324324316
Lao People's Democratic Republic,65.7,194.0,89.0,39.72972972972973
Latvia,74.6,153.0,94.66666666666667,63.78378378378377
Lebanon,74.9,98.0,79.0,64.59459459459461
Lesotho,53.7,484.0,65.0,7.2972972972973045
Liberia,61.4,259.0,52.0,28.108108108108105
Libya,72.7,138.0,97.0,58.64864864864866
Lithuania,73.6,165.0,93.33333333333333,61.08108108108107
Luxembourg,82.0,63.0,97.33333333333333,83.78378378378379
Madagascar,65.5,22.0,69.66666666666667,39.189189189189186
Malawi,58.3,365.0,88.0,19.729729729729723
Malaysia,75.0,123.0,99.0,64.86486486486487
Maldives,78.5,61.0,99.0,74.32432432432432
Mali,58.2,266.0,64.66666666666667,19.459459459459467
Malta,81.7,54.0,96.33333333333333,82.97297297297298
Mauritania,63.1,25.0,71.0,32.70270270270271
Mauritius,74.6,146.0,97.33333333333333,63.78378378378377
Mexico,76.7,122.0,85.33333333333333,69.45945945945947
Micronesia (Federated States of),69.4,166.0,73.66666666666667,49.72972972972974
Mongolia,68.8,222.0,99.0,48.1081081081081
Montenegro,76.1,16.0,86.66666666666667,67.83783783783782
Morocco,74.3,95.0,99.0,62.97297297297296
Mozambique,57.6,355.0,8.0,17.837837837837842
Myanmar,66.6,199.0,89.0,42.16216216216215
Namibia,65.8,248.0,92.0,39.99999999999999
Nepal,69.2,165.0,63.666666666666664,49.1891891891892
Netherlands,81.9,57.0,94.66666666666667,83.51351351351353
New Zealand,81.6,66.0,92.0,82.7027027027027
Nicaragua,74.8,145.0,98.33333333333333,64.32432432432431
Niger,61.8,22.0,65.0,29.18918918918918
Nigeria,54.5,344.0,49.0,9.45945945945946
Norway,81.8,59.0,95.0,83.24324324324324
Oman,76.6,99.0,99.0,69.18918918918916
Pakistan,66.4,161.0,72.0,41.621621621621635
Panama,77.8,118.0,72.66666666666667,72.43243243243242
Papua New Guinea,62.9,275.0,71.33333333333333,32.162162162162154
Paraguay,74.0,146.0,91.66666666666667,62.16216216216216
Peru,75.5,123.0,35.333333333333336,66.21621621621621
Philippines,68.5,211.0,30.333333333333332,47.2972972972973
Poland,77.5,117.0,95.33333333333333,71.62162162162163
Portugal,81.1,76.0,98.0,81.35135135135133
Qatar,78.2,68.0,99.0,73.51351351351352
Republic of Korea,82.3,64.0,98.0,84.59459459459458
Republic of Moldova,72.1,157.0,87.66666666666667,57.02702702702701
Romania,75.0,133.0,62.333333333333336,64.86486486486487
Russian Federation,75.0,222.0,97.0,64.86486486486487
Rwanda,66.1,227.0,98.33333333333333,40.81081081081079
Saint Lucia,75.2,138.0,99.0,65.40540540540542
Saint Vincent and the Grenadines,73.2,156.0,97.66666666666667,60.00000000000001
Samoa,74.0,125.0,62.0,62.16216216216216
Sao Tome and Principe,67.5,19.0,96.0,44.5945945945946
Saudi Arabia,74.5,88.0,97.66666666666667,63.51351351351351
Senegal,66.7,188.0,87.66666666666667,42.432432432432435
Serbia,75.6,121.0,94.66666666666667,66.48648648648647
Seychelles,73.2,168.0,97.33333333333333,60.00000000000001
Sierra Leone,51.0,413.0,86.0,0.0
Singapore,83.1,55.0,96.0,86.75675675675674
Slovakia,76.7,19.0,96.0,69.45945945945947
Slovenia,88.0,74.0,95.0,100.0
Solomon Islands,69.2,177.0,98.33333333333333,49.1891891891892
Somalia,55.0,312.0,43.666666666666664,10.81081081081081
South Africa,62.9,328.0,75.0,32.162162162162154
South Sudan,57.3,332.0,34.333333333333336,17.02702702702702
Spain,82.8,56.0,97.0,85.94594594594594
Sri Lanka,74.9,138.0,99.0,64.59459459459461
Sudan,64.1,225.0,93.0,35.40540540540539
Suriname,71.6,176.0,89.0,55.67567567567566
Swaziland,58.9,373.0,34.0,21.351351351351347
Sweden,82.4,53.0,87.66666666666667,84.86486486486487
Switzerland,83.4,49.0,97.0,87.56756756756758
Syrian Arab Republic,64.5,293.0,29.0,36.486486486486484
Tajikistan,69.7,161.0,96.0,50.54054054054055
Thailand,74.9,148.0,99.0,64.59459459459461
The former Yugoslav republic of Macedonia,75.7,12.0,91.66666666666667,66.75675675675676
Timor-Leste,68.3,152.0,75.66666666666667,46.75675675675675
Togo,59.9,287.0,88.0,24.05405405405405
Tonga,73.5,133.0,54.666666666666664,60.810810810810814
Trinidad and Tobago,71.2,17.0,64.33333333333333,54.594594594594604
Tunisia,75.3,1.0,98.0,65.67567567567568
Turkey,75.8,16.0,97.0,67.02702702702702
Turkmenistan,66.3,215.0,99.0,41.35135135135135
Uganda,62.3,291.0,79.33333333333333,30.540540540540533
Ukraine,71.3,195.0,32.0,54.864864864864856
United Arab Emirates,77.1,75.0,99.0,70.54054054054053
United Kingdom of Great Britain and Northern Ireland,81.2,69.0,96.0,81.62162162162163
United Republic of Tanzania,61.8,279.0,97.33333333333333,29.18918918918918
United States of America,79.3,13.0,93.33333333333333,76.48648648648648
Uruguay,77.0,116.0,95.0,70.27027027027027
Uzbekistan,69.4,184.0,99.0,49.72972972972974
Vanuatu,72.0,13.0,64.33333333333333,56.75675675675676
Venezuela (Bolivarian Republic of),74.1,157.0,87.0,62.432432432432414
Viet Nam,76.0,127.0,97.0,67.56756756756756
Yemen,65.7,224.0,67.0,39.72972972972973
Zambia,61.8,33.0,9.0,29.18918918918918
Zimbabwe,67.0,336.0,87.33333333333333,43.24324324324324
